{"cameraMode":{"drawMode":0,"name":"Shaded","section":"Shading Mode"},"sceneLighting":false,"audioPlay":false,"sceneViewState":{"showFog":true,"showMaterialUpdate":true,"showSkybox":true,"showFlares":true,"showImageEffects":true,"showParticleSystems":true},"in2DMode":false,"pivot":{"x":-0.7413467168807983,"y":-0.2155638337135315,"z":-0.3476216793060303},"rotation":{"x":-0.040371865034103397,"y":0.9160251617431641,"z":-0.09543538838624954,"w":-0.38750505447387698},"size":2.244676113128662,"orthographic":false}