{"cameraMode":{"drawMode":0,"name":"Shaded","section":"Shading Mode"},"sceneLighting":true,"audioPlay":false,"sceneViewState":{"showFog":true,"showMaterialUpdate":true,"showSkybox":true,"showFlares":true,"showImageEffects":true,"showParticleSystems":true},"in2DMode":false,"pivot":{"x":1.53656005859375,"y":-0.5616134405136108,"z":1.6472463607788087},"rotation":{"x":-0.11983869224786759,"y":-0.3914783000946045,"z":0.0515032634139061,"w":-0.9108957052230835},"size":10.10860824584961,"orthographic":false}